ID,ID2,Aztreonam,Ceftazidime,Cipofloxacin,Colistin,Imipenem,Meropenem,Piperacillin,Ticarcillin,Clavunate,Tobramycin,Amikacin,Gentamicin
BSAC,Sensitive,3.797468354,21.51898734,20.25316456,98.73417722,31.64556962,25.3164557,12.65822785,15.18987342,7.594936709,49.36708861,82.27848101,44.30379747
BSAC,Intermediate,43.03797468,0,3.797468354,0,3.797468354,34.17721519,0,0,0,0,8.860759494,0
BSAC,Resistant,53.16455696,78.48101266,75.94936709,1.265822785,64.55696203,40.50632911,87.34177215,84.81012658,92.40506329,50.63291139,8.860759494,55.69620253
CUH,Sensitive,7.98122066,89.2018779,85.4460094,100,77.4647887,80.7511737,84.5070423,84.5070423,53.9906103,98.5915493,97.6525822,97.6525822
CUH,Intermediate,78.8732394,0,4.69483568,0,4.69483568,8.92018779,0,0,0,0,1.87793427,0
CUH,Resistant,13.1455399,10.7981221,9.85915493,0,17.8403756,10.3286385,15.4929578,15.4929578,46.0093897,1.4084507,0.46948357,2.34741784
Combined,Sensitive,6.84931507,70.890411,67.8082192,99.6575343,65.0684932,65.7534247,65.0684932,65.7534247,41.4383562,85.2739726,93.4931507,83.2191781
Combined,Intermediate,69.1780822,0,4.4520548,0,4.4520548,15.7534247,0,0,0,0,3.76712329,0
Combined,Resistant,23.9726027,29.109589,27.739726,0.34246575,30.4794521,18.4931507,34.9315069,34.2465753,58.5616438,14.7260274,2.73972603,16.7808219